Licenciatura;Contaduría Publica
Licenciatura;Admon de Empresas
Licenciatura;Economía
Licenciatura;Arquitectura
Licenciatura;Educación Física
Licenciatura;Administración Y Finanzas
Licenciatura;Mercadotecnia
Licenciatura;Informática
Licenciatura;Comercio Internacional
Licenciatura;Educación Preescolar
Licenciatura;Derecho
Licenciatura;Turismo
Licenciatura;Ciencias de la Computación 
Licenciatura;Ingeniería en Telecomunicaciones, Sistemas y Electrónica
Licenciatura;Administración de Negocios con Calidad y Productividad
Licenciatura;Matemáticas Aplicadas a la Ingeniería y Ciencias Naturales
Ingeniería;Civil
Ingeniería;Industrial
Ingeniería;Sistemas Computacionales
Ingeniería;Electromecánico
Ingeniería;Innovación
Ingeniería;Eléctrico
Ingeniería;Ambiental
Ingeniería;Mecánica
Ingeniería;Redes
Maestría;Dirección de Negocios
Maestría;Administración
Maestría;Derecho Fiscal y Corporativo
Maestría;Alta Dirección e Inteligencia Estratégica
Maestría;Finanzas
Maestría;Planeación y Construcción
Maestría;Administración Estratégica
Maestría;Educación
Maestría;Desarrollo Regional
Maestría;Auditoría
Maestría;Administración de Negocios con Calidad y Productividad
Maestría;Dirección de Proyecto
Maestría;Internacional en BIM Management
Maestría;Administración de la Construcción
Maestría;Ciencias de la Ingeniería
Maestría;Gestión de Tecnologías de Información
Maestría;Gestión de la Innovación Tecnológica
Maestría;Maestría en Matemáticas (M.C.)
